WOCEhydro3,Clivarhydro3,TN278hydro3,P18hydro3,SKQ2016hydro3,RR1804hydro3,KM1919hydro3
152.08,122.14,119.02,136.62,138.5,147.41,127.17
0.76426,0.47089,1.3271,0.51686,0.6437,1.1191,1.6633
11,10,11,11,7,11,11
